PRAGMA foreign_keys=OFF;
BEGIN TRANSACTION;
CREATE TABLE "django_migrations" ("id" integer NOT NULL PRIMARY KEY AUTOINCREMENT, "app" varchar(255) NOT NULL, "name" varchar(255) NOT NULL, "applied" datetime NOT NULL);
INSERT INTO "django_migrations" VALUES(1,'contenttypes','0001_initial','2020-06-13 17:41:03.880544');
INSERT INTO "django_migrations" VALUES(2,'auth','0001_initial','2020-06-13 17:41:03.906094');
INSERT INTO "django_migrations" VALUES(3,'admin','0001_initial','2020-06-13 17:41:03.932058');
INSERT INTO "django_migrations" VALUES(4,'admin','0002_logentry_remove_auto_add','2020-06-13 17:41:03.952368');
INSERT INTO "django_migrations" VALUES(5,'admin','0003_logentry_add_action_flag_choices','2020-06-13 17:41:03.982185');
INSERT INTO "django_migrations" VALUES(6,'contenttypes','0002_remove_content_type_name','2020-06-13 17:41:04.022752');
INSERT INTO "django_migrations" VALUES(7,'auth','0002_alter_permission_name_max_length','2020-06-13 17:41:04.037749');
INSERT INTO "django_migrations" VALUES(8,'auth','0003_alter_user_email_max_length','2020-06-13 17:41:04.065796');
INSERT INTO "django_migrations" VALUES(9,'auth','0004_alter_user_username_opts','2020-06-13 17:41:04.104011');
INSERT INTO "django_migrations" VALUES(10,'auth','0005_alter_user_last_login_null','2020-06-13 17:41:04.128111');
INSERT INTO "django_migrations" VALUES(11,'auth','0006_require_contenttypes_0002','2020-06-13 17:41:04.140806');
INSERT INTO "django_migrations" VALUES(12,'auth','0007_alter_validators_add_error_messages','2020-06-13 17:41:04.197285');
INSERT INTO "django_migrations" VALUES(13,'auth','0008_alter_user_username_max_length','2020-06-13 17:41:04.228233');
INSERT INTO "django_migrations" VALUES(14,'auth','0009_alter_user_last_name_max_length','2020-06-13 17:41:04.249085');
INSERT INTO "django_migrations" VALUES(15,'auth','0010_alter_group_name_max_length','2020-06-13 17:41:04.276707');
INSERT INTO "django_migrations" VALUES(16,'auth','0011_update_proxy_permissions','2020-06-13 17:41:04.307656');
INSERT INTO "django_migrations" VALUES(17,'quizmaker_app','0001_initial','2020-06-13 17:41:04.341478');
INSERT INTO "django_migrations" VALUES(18,'sessions','0001_initial','2020-06-13 17:41:04.351437');
CREATE TABLE "auth_group_permissions" ("id" integer NOT NULL PRIMARY KEY AUTOINCREMENT, "group_id" integer NOT NULL REFERENCES "auth_group" ("id") DEFERRABLE INITIALLY DEFERRED, "permission_id" integer NOT NULL REFERENCES "auth_permission" ("id") DEFERRABLE INITIALLY DEFERRED);
CREATE TABLE "auth_user_groups" ("id" integer NOT NULL PRIMARY KEY AUTOINCREMENT, "user_id" integer NOT NULL REFERENCES "auth_user" ("id") DEFERRABLE INITIALLY DEFERRED, "group_id" integer NOT NULL REFERENCES "auth_group" ("id") DEFERRABLE INITIALLY DEFERRED);
CREATE TABLE "auth_user_user_permissions" ("id" integer NOT NULL PRIMARY KEY AUTOINCREMENT, "user_id" integer NOT NULL REFERENCES "auth_user" ("id") DEFERRABLE INITIALLY DEFERRED, "permission_id" integer NOT NULL REFERENCES "auth_permission" ("id") DEFERRABLE INITIALLY DEFERRED);
CREATE TABLE "django_admin_log" ("id" integer NOT NULL PRIMARY KEY AUTOINCREMENT, "action_time" datetime NOT NULL, "object_id" text NULL, "object_repr" varchar(200) NOT NULL, "change_message" text NOT NULL, "content_type_id" integer NULL REFERENCES "django_content_type" ("id") DEFERRABLE INITIALLY DEFERRED, "user_id" integer NOT NULL REFERENCES "auth_user" ("id") DEFERRABLE INITIALLY DEFERRED, "action_flag" smallint unsigned NOT NULL CHECK ("action_flag" >= 0));
INSERT INTO "django_admin_log" VALUES(1,'2020-06-13 20:18:29.475258','2','Funky','[{"added": {}}]',1,1,1);
INSERT INTO "django_admin_log" VALUES(2,'2020-06-13 20:18:39.374051','2','Funky','',1,1,3);
CREATE TABLE "django_content_type" ("id" integer NOT NULL PRIMARY KEY AUTOINCREMENT, "app_label" varchar(100) NOT NULL, "model" varchar(100) NOT NULL);
INSERT INTO "django_content_type" VALUES(1,'quizmaker_app','question');
INSERT INTO "django_content_type" VALUES(2,'quizmaker_app','wronganswer');
INSERT INTO "django_content_type" VALUES(3,'quizmaker_app','correctanswer');
INSERT INTO "django_content_type" VALUES(4,'admin','logentry');
INSERT INTO "django_content_type" VALUES(5,'auth','permission');
INSERT INTO "django_content_type" VALUES(6,'auth','group');
INSERT INTO "django_content_type" VALUES(7,'auth','user');
INSERT INTO "django_content_type" VALUES(8,'contenttypes','contenttype');
INSERT INTO "django_content_type" VALUES(9,'sessions','session');
CREATE TABLE "auth_permission" ("id" integer NOT NULL PRIMARY KEY AUTOINCREMENT, "content_type_id" integer NOT NULL REFERENCES "django_content_type" ("id") DEFERRABLE INITIALLY DEFERRED, "codename" varchar(100) NOT NULL, "name" varchar(255) NOT NULL);
INSERT INTO "auth_permission" VALUES(1,1,'add_question','Can add question');
INSERT INTO "auth_permission" VALUES(2,1,'change_question','Can change question');
INSERT INTO "auth_permission" VALUES(3,1,'delete_question','Can delete question');
INSERT INTO "auth_permission" VALUES(4,1,'view_question','Can view question');
INSERT INTO "auth_permission" VALUES(5,2,'add_wronganswer','Can add wrong answer');
INSERT INTO "auth_permission" VALUES(6,2,'change_wronganswer','Can change wrong answer');
INSERT INTO "auth_permission" VALUES(7,2,'delete_wronganswer','Can delete wrong answer');
INSERT INTO "auth_permission" VALUES(8,2,'view_wronganswer','Can view wrong answer');
INSERT INTO "auth_permission" VALUES(9,3,'add_correctanswer','Can add correct answer');
INSERT INTO "auth_permission" VALUES(10,3,'change_correctanswer','Can change correct answer');
INSERT INTO "auth_permission" VALUES(11,3,'delete_correctanswer','Can delete correct answer');
INSERT INTO "auth_permission" VALUES(12,3,'view_correctanswer','Can view correct answer');
INSERT INTO "auth_permission" VALUES(13,4,'add_logentry','Can add log entry');
INSERT INTO "auth_permission" VALUES(14,4,'change_logentry','Can change log entry');
INSERT INTO "auth_permission" VALUES(15,4,'delete_logentry','Can delete log entry');
INSERT INTO "auth_permission" VALUES(16,4,'view_logentry','Can view log entry');
INSERT INTO "auth_permission" VALUES(17,5,'add_permission','Can add permission');
INSERT INTO "auth_permission" VALUES(18,5,'change_permission','Can change permission');
INSERT INTO "auth_permission" VALUES(19,5,'delete_permission','Can delete permission');
INSERT INTO "auth_permission" VALUES(20,5,'view_permission','Can view permission');
INSERT INTO "auth_permission" VALUES(21,6,'add_group','Can add group');
INSERT INTO "auth_permission" VALUES(22,6,'change_group','Can change group');
INSERT INTO "auth_permission" VALUES(23,6,'delete_group','Can delete group');
INSERT INTO "auth_permission" VALUES(24,6,'view_group','Can view group');
INSERT INTO "auth_permission" VALUES(25,7,'add_user','Can add user');
INSERT INTO "auth_permission" VALUES(26,7,'change_user','Can change user');
INSERT INTO "auth_permission" VALUES(27,7,'delete_user','Can delete user');
INSERT INTO "auth_permission" VALUES(28,7,'view_user','Can view user');
INSERT INTO "auth_permission" VALUES(29,8,'add_contenttype','Can add content type');
INSERT INTO "auth_permission" VALUES(30,8,'change_contenttype','Can change content type');
INSERT INTO "auth_permission" VALUES(31,8,'delete_contenttype','Can delete content type');
INSERT INTO "auth_permission" VALUES(32,8,'view_contenttype','Can view content type');
INSERT INTO "auth_permission" VALUES(33,9,'add_session','Can add session');
INSERT INTO "auth_permission" VALUES(34,9,'change_session','Can change session');
INSERT INTO "auth_permission" VALUES(35,9,'delete_session','Can delete session');
INSERT INTO "auth_permission" VALUES(36,9,'view_session','Can view session');
CREATE TABLE "auth_user" ("id" integer NOT NULL PRIMARY KEY AUTOINCREMENT, "password" varchar(128) NOT NULL, "last_login" datetime NULL, "is_superuser" bool NOT NULL, "username" varchar(150) NOT NULL UNIQUE, "first_name" varchar(30) NOT NULL, "email" varchar(254) NOT NULL, "is_staff" bool NOT NULL, "is_active" bool NOT NULL, "date_joined" datetime NOT NULL, "last_name" varchar(150) NOT NULL);
INSERT INTO "auth_user" VALUES(1,'pbkdf2_sha256$180000$4CExSGqG7bfR$FgYajdz2f5cGJsfvAU8wQVu6mxYn8VbRAirU3apHAfQ=','2020-06-13 20:18:16.824962',1,'admin','','james00090@gmail.com',1,1,'2020-06-13 20:12:59.447809','');
CREATE TABLE "auth_group" ("id" integer NOT NULL PRIMARY KEY AUTOINCREMENT, "name" varchar(150) NOT NULL UNIQUE);
CREATE TABLE "quizmaker_app_question" ("id" integer NOT NULL PRIMARY KEY AUTOINCREMENT, "question_text" varchar(200) NOT NULL, "pub_date" datetime NOT NULL);
INSERT INTO "quizmaker_app_question" VALUES(1,'What order do snakes belong to?','2020-06-13 17:44:19.078810');
CREATE TABLE "quizmaker_app_wronganswer" ("id" integer NOT NULL PRIMARY KEY AUTOINCREMENT, "potential_answer_text" varchar(200) NOT NULL, "question_id" integer NOT NULL REFERENCES "quizmaker_app_question" ("id") DEFERRABLE INITIALLY DEFERRED);
CREATE TABLE "quizmaker_app_correctanswer" ("id" integer NOT NULL PRIMARY KEY AUTOINCREMENT, "correct_answer_text" varchar(200) NOT NULL, "question_id" integer NOT NULL UNIQUE REFERENCES "quizmaker_app_question" ("id") DEFERRABLE INITIALLY DEFERRED);
CREATE TABLE "django_session" ("session_key" varchar(40) NOT NULL PRIMARY KEY, "session_data" text NOT NULL, "expire_date" datetime NOT NULL);
INSERT INTO "django_session" VALUES('1pjxlwvk5aurv3v1kgskjylh46btngv7','YWVjNzMyMTlmOTg5M2EzZjAzMzAzZDYzMjU4OWY5YTk0MTM3MTJkNzp7Il9hdXRoX3VzZXJfaWQiOiIxIiwiX2F1dGhfdXNlcl9iYWNrZW5kIjoiZGphbmdvLmNvbnRyaWIuYXV0aC5iYWNrZW5kcy5Nb2RlbEJhY2tlbmQiLCJfYXV0aF91c2VyX2hhc2giOiI0ZDg1YzhiODM0MzljYzI3ODVhMGM4N2Y4ZWE5MTI0Yjg5MDQ5ZWIyIn0=','2020-06-27 20:18:16.830542');
DELETE FROM sqlite_sequence;
INSERT INTO "sqlite_sequence" VALUES('django_migrations',18);
INSERT INTO "sqlite_sequence" VALUES('django_admin_log',2);
INSERT INTO "sqlite_sequence" VALUES('django_content_type',9);
INSERT INTO "sqlite_sequence" VALUES('auth_permission',36);
INSERT INTO "sqlite_sequence" VALUES('auth_user',1);
INSERT INTO "sqlite_sequence" VALUES('auth_group',0);
INSERT INTO "sqlite_sequence" VALUES('quizmaker_app_question',2);
CREATE UNIQUE INDEX "auth_group_permissions_group_id_permission_id_0cd325b0_uniq" ON "auth_group_permissions" ("group_id", "permission_id");
CREATE INDEX "auth_group_permissions_group_id_b120cbf9" ON "auth_group_permissions" ("group_id");
CREATE INDEX "auth_group_permissions_permission_id_84c5c92e" ON "auth_group_permissions" ("permission_id");
CREATE UNIQUE INDEX "auth_user_groups_user_id_group_id_94350c0c_uniq" ON "auth_user_groups" ("user_id", "group_id");
CREATE INDEX "auth_user_groups_user_id_6a12ed8b" ON "auth_user_groups" ("user_id");
CREATE INDEX "auth_user_groups_group_id_97559544" ON "auth_user_groups" ("group_id");
CREATE UNIQUE INDEX "auth_user_user_permissions_user_id_permission_id_14a6b632_uniq" ON "auth_user_user_permissions" ("user_id", "permission_id");
CREATE INDEX "auth_user_user_permissions_user_id_a95ead1b" ON "auth_user_user_permissions" ("user_id");
CREATE INDEX "auth_user_user_permissions_permission_id_1fbb5f2c" ON "auth_user_user_permissions" ("permission_id");
CREATE INDEX "django_admin_log_content_type_id_c4bce8eb" ON "django_admin_log" ("content_type_id");
CREATE INDEX "django_admin_log_user_id_c564eba6" ON "django_admin_log" ("user_id");
CREATE UNIQUE INDEX "django_content_type_app_label_model_76bd3d3b_uniq" ON "django_content_type" ("app_label", "model");
CREATE UNIQUE INDEX "auth_permission_content_type_id_codename_01ab375a_uniq" ON "auth_permission" ("content_type_id", "codename");
CREATE INDEX "auth_permission_content_type_id_2f476e4b" ON "auth_permission" ("content_type_id");
CREATE INDEX "quizmaker_app_wronganswer_question_id_0d7d92fb" ON "quizmaker_app_wronganswer" ("question_id");
CREATE INDEX "django_session_expire_date_a5c62663" ON "django_session" ("expire_date");
COMMIT;
